order_id,customer_id,order_date,quantity,unit_price
O001,C001,2026-09-01,1,150.00
O002,C002,2026-09-02,2,250.00
O003,C003,2026-09-03,3,400.00
O004,C004,2026-09-04,4,550.00
O005,C005,2026-09-05,5,750.00
O006,C006,2026-09-06,1,900.00
O007,C007,2026-09-07,2,1200.00
O008,C008,2026-09-08,3,1500.00
O009,C009,2026-09-09,4,1800.00
O010,C010,2026-09-10,5,2200.00
O011,C011,2026-09-11,1,150.00
O012,C012,2026-09-12,2,250.00
O013,C013,2026-09-13,3,400.00
O014,C014,2026-09-14,4,550.00
O015,C015,2026-09-15,5,750.00
O016,C016,2026-09-16,1,900.00
O017,C017,2026-09-17,2,1200.00
O018,C018,2026-09-18,3,1500.00
O019,C019,2026-09-19,4,1800.00
O020,C020,2026-09-20,5,2200.00
O021,C021,2026-09-21,1,150.00
O022,C022,2026-09-22,2,250.00
O023,C023,2026-09-23,3,400.00
O024,C024,2026-09-24,4,550.00
O025,C025,2026-09-25,5,750.00
O026,C026,2026-09-26,1,900.00
O027,C027,2026-09-27,2,1200.00
O028,C028,2026-09-28,3,1500.00
O029,C029,2026-09-01,4,1800.00
O030,C030,2026-09-02,5,2200.00
O031,C031,2026-09-03,1,150.00
O032,C032,2026-09-04,2,250.00
O033,C033,2026-09-05,3,400.00
O034,C034,2026-09-06,4,550.00
O035,C035,2026-09-07,5,750.00
O036,C036,2026-09-08,1,900.00
O037,C037,2026-09-09,2,1200.00
O038,C038,2026-09-10,3,1500.00
O039,C039,2026-09-11,4,1800.00
O040,C040,2026-09-12,5,2200.00
O041,C041,2026-09-13,1,150.00
O042,C042,2026-09-14,2,250.00
O043,C043,2026-09-15,3,400.00
O044,C044,2026-09-16,4,550.00
O045,C045,2026-09-17,5,750.00
O046,C046,2026-09-18,1,900.00
O047,C047,2026-09-19,2,1200.00
O048,C048,2026-09-20,3,1500.00
O049,C049,2026-09-21,4,1800.00
O050,C050,2026-09-22,5,2200.00
O051,C001,2026-09-23,1,150.00
O052,C002,2026-09-24,2,250.00
O053,C003,2026-09-25,3,400.00
O054,C004,2026-09-26,4,550.00
O055,C005,2026-09-27,5,750.00
O056,C006,2026-09-28,1,900.00
O057,C007,2026-09-01,2,1200.00
O058,C008,2026-09-02,3,1500.00
O059,C009,2026-09-03,4,1800.00
O060,C010,2026-09-04,5,2200.00
O061,C011,2026-09-05,1,150.00
O062,C012,2026-09-06,2,250.00
O063,C013,2026-09-07,3,400.00
O064,C014,2026-09-08,4,550.00
O065,C015,2026-09-09,5,750.00
O066,C016,2026-09-10,1,900.00
O067,C017,2026-09-11,2,1200.00
O068,C018,2026-09-12,3,1500.00
O069,C019,2026-09-13,4,1800.00
O070,C020,2026-09-14,5,2200.00
O071,C021,2026-09-15,1,150.00
O072,C022,2026-09-16,2,250.00
O073,C023,2026-09-17,3,400.00
O074,C024,2026-09-18,4,550.00
O075,C025,2026-09-19,5,750.00
O076,C026,2026-09-20,1,900.00
O077,C027,2026-09-21,2,1200.00
O078,C028,2026-09-22,3,1500.00
O079,C029,2026-09-23,4,1800.00
O080,C030,2026-09-24,5,2200.00
O081,C031,2026-09-25,1,150.00
O082,C032,2026-09-26,2,250.00
O083,C033,2026-09-27,3,400.00
O084,C034,2026-09-28,4,550.00
O085,C035,2026-09-01,5,750.00
O086,C036,2026-09-02,1,900.00
O087,C037,2026-09-03,2,1200.00
O088,C038,2026-09-04,3,1500.00
O089,C039,2026-09-05,4,1800.00
O090,C040,2026-09-06,5,2200.00
O091,C041,2026-09-07,1,150.00
O092,C042,2026-09-08,2,250.00
O093,C043,2026-09-09,3,400.00
O094,C044,2026-09-10,4,550.00
O095,C045,2026-09-11,5,750.00
O096,C046,2026-09-12,1,900.00
O097,C047,2026-09-13,2,1200.00
O098,C048,2026-09-14,3,1500.00
O099,C049,2026-09-15,4,1800.00
O100,C050,2026-09-16,5,2200.00
