customer_id,customer_name,city,email,created_date
C001,Rahul Sharma,Hyderabad,rahul.sharma01@example.com,2026-09-01
C002,Priya Reddy,Warangal,priya.reddy02@example.com,2026-09-02
C003,Amit Kumar,Bangalore,amit.kumar03@example.com,2026-09-03
C004,Sneha Patel,Mumbai,sneha.patel04@example.com,2026-09-04
C005,Arjun Rao,Chennai,arjun.rao05@example.com,2026-09-05
C006,Neha Singh,Delhi,neha.singh06@example.com,2026-09-06
C007,Vikram Das,Kolkata,vikram.das07@example.com,2026-09-07
C008,Ananya Iyer,Pune,ananya.iyer08@example.com,2026-09-08
C009,Kiran Nair,Vijayawada,kiran.nair09@example.com,2026-09-09
C010,Meera Verma,Kochi,meera.verma10@example.com,2026-09-10
C011,Rohit Sharma,Hyderabad,rohit.sharma11@example.com,2026-09-11
C012,Pooja Reddy,Warangal,pooja.reddy12@example.com,2026-09-12
C013,Sanjay Kumar,Bangalore,sanjay.kumar13@example.com,2026-09-13
C014,Kavya Patel,Mumbai,kavya.patel14@example.com,2026-09-14
C015,Nikhil Rao,Chennai,nikhil.rao15@example.com,2026-09-15
C016,Divya Singh,Delhi,divya.singh16@example.com,2026-09-16
C017,Aditya Das,Kolkata,aditya.das17@example.com,2026-09-17
C018,Swathi Iyer,Pune,swathi.iyer18@example.com,2026-09-18
C019,Manish Nair,Vijayawada,manish.nair19@example.com,2026-09-19
C020,Ishita Verma,Kochi,ishita.verma20@example.com,2026-09-20
C021,Varun Sharma,Hyderabad,varun.sharma21@example.com,2026-09-21
C022,Ayesha Reddy,Warangal,ayesha.reddy22@example.com,2026-09-22
C023,Harsha Kumar,Bangalore,harsha.kumar23@example.com,2026-09-23
C024,Riya Patel,Mumbai,riya.patel24@example.com,2026-09-24
C025,Akash Rao,Chennai,akash.rao25@example.com,2026-09-25
C026,Shreya Singh,Delhi,shreya.singh26@example.com,2026-09-26
C027,Vivek Das,Kolkata,vivek.das27@example.com,2026-09-27
C028,Nandini Iyer,Pune,nandini.iyer28@example.com,2026-09-28
C029,Suresh Nair,Vijayawada,suresh.nair29@example.com,2026-09-01
C030,Tanvi Verma,Kochi,tanvi.verma30@example.com,2026-09-02
C031,Pranav Sharma,Hyderabad,pranav.sharma31@example.com,2026-09-03
C032,Lakshmi Reddy,Warangal,lakshmi.reddy32@example.com,2026-09-04
C033,Gaurav Kumar,Bangalore,gaurav.kumar33@example.com,2026-09-05
C034,Deepika Patel,Mumbai,deepika.patel34@example.com,2026-09-06
C035,Rakesh Rao,Chennai,rakesh.rao35@example.com,2026-09-07
C036,Madhuri Singh,Delhi,madhuri.singh36@example.com,2026-09-08
C037,Tarun Das,Kolkata,tarun.das37@example.com,2026-09-09
C038,Bhavana Iyer,Pune,bhavana.iyer38@example.com,2026-09-10
C039,Abhishek Nair,Vijayawada,abhishek.nair39@example.com,2026-09-11
C040,Keerthi Verma,Kochi,keerthi.verma40@example.com,2026-09-12
C041,Anil Sharma,Hyderabad,anil.sharma41@example.com,2026-09-13
C042,Reshma Reddy,Warangal,reshma.reddy42@example.com,2026-09-14
C043,Ravi Kumar,Bangalore,ravi.kumar43@example.com,2026-09-15
C044,Sowmya Patel,Mumbai,sowmya.patel44@example.com,2026-09-16
C045,Karthik Rao,Chennai,karthik.rao45@example.com,2026-09-17
C046,Maya Singh,Delhi,maya.singh46@example.com,2026-09-18
C047,Manoj Das,Kolkata,manoj.das47@example.com,2026-09-19
C048,Aparna Iyer,Pune,aparna.iyer48@example.com,2026-09-20
C049,Surya Nair,Vijayawada,surya.nair49@example.com,2026-09-21
C050,Nisha Verma,Kochi,nisha.verma50@example.com,2026-09-22
